id,Причина дубля,Ноябрь 2022,Декабрь 2022,Январь 2023,Февраль 2023,Март 2023,Апрель 2023,Май 2023,Июнь 2023,Июль 2023,Август 2023,Сентябрь 2023,Октябрь 2023,Ноябрь 2023,Декабрь 2023,Январь 2024,Февраль 2024,Account
2726,,"27 602,74",,,,,,,,,,,,,,,,Федорова Дарья Сергеевна
4832,первая часть оплаты,стоп,,,,,,,,,,,,,,,,Федорова Дарья Сергеевна
4832,вторая часть оплаты,стоп,,,,,,,,,,,,,,,,Федорова Дарья Сергеевна
9216,,стоп,,,,,,,,,,,,,,,,Федорова Дарья Сергеевна
7630,,"14 541,18",,,,,,,,,,,,,,,,Федорова Дарья Сергеевна
7589,,"49 859,86",,,,,,,,,,,,,,,,Громова Алина Константиновна
7366,,,,,,,,,,,,,,,,,,Зайцева Виктория Олеговна
8281,,"96 686,11",,,,,,,,,,,,,,,,Кузнецова Анна Павловна
7890,,в ноль,,,,,,,,,,,,,,,,Федорова Дарья Сергеевна
4683,первая часть оплаты,"108 457,59",,,,,,,,,,,,,,,,Федорова Дарья Сергеевна
4683,вторая часть оплаты,"14 359,23",,,,,,,,,,,,,,,,Федорова Дарья Сергеевна
7723,,"123 028,23",,,,,,,,,,,,,,,,Федорова Дарья Сергеевна
6463,,в ноль,,,,,,,,,,,,,,,,Федорова Дарья Сергеевна
4960,первая часть оплаты,"27 400,69",,,,,,,,,,,,,,,,Зайцева Виктория Олеговна
4960,вторая часть оплаты,"75,84",,,,,,,,,,,,,,,,Зайцева Виктория Олеговна
4960,вторая часть оплаты,"5 169,95",,,,,,,,,,,,,,,,Зайцева Виктория Олеговна
9166,,,,,,,,,,,,,,,,,,Николаев Павел Дмитриевич
3348,,"66 709,19","40 831,07",,,,,,,,,,,,,,,Николаев Павел Дмитриевич
8111,,"50 444,72","51 342,89",,"38 047,88","55 648,99","52 513,99","40 559,03","36 286,18","50 047,46","33 256,83","33 771,83","33 702,15","40 440,71","37 585,79","37 840,29","38 376,87",Федорова Дарья Сергеевна
4596,изменение ЮЛ,"47 663,87",стоп,,,,,,,,,,,,,,,Федорова Дарья Сергеевна
3806,изменение ЮЛ,"83 676,49",стоп,,,,,,,,,,,,,,,Федорова Дарья Сергеевна
4434,изменение ЮЛ,"47 684,91",стоп,,,,,,,,,,,,,,,Федорова Дарья Сергеевна
7629,изменение ЮЛ,"32 183,39",стоп,,,,,,,,,,,,,,,Федорова Дарья Сергеевна
7980,изменение ЮЛ,"45 025,33",стоп,,,,,,,,,,,,,,,Федорова Дарья Сергеевна
7331,,"128 353,45","117 280,55",,,,,,,,,,,,,,,Николаев Павел Дмитриевич
9035,первая часть оплаты,"20 910,46","17 567,76",,,,,,,,,,,,,,,Громова Алина Константиновна
9035,вторая часть оплаты,"3 090,46","4 835,27",,,,,,,,,,,,,,,Громова Алина Константиновна
9095,первая часть оплаты,в ноль,стоп,,,,,,,,,,,,,,,Федорова Дарья Сергеевна
7484,первая часть оплаты,в ноль,стоп,,,,,,,,,,,,,,,Федорова Дарья Сергеевна
6294,первая часть оплаты,в ноль,стоп,,,,,,,,,,,,,,,Федорова Дарья Сергеевна
9192,первая часть оплаты,в ноль,стоп,,,,,,,,,,,,,,,Федорова Дарья Сергеевна
7679,,"14 533,60","29 228,82",,,,,,,,,,,,,,,Кузнецова Анна Павловна
8058,,,,,,,,,,,,,,,,,,Зайцева Виктория Олеговна
3826,первая часть оплаты,"112 287,31","91 479,72",,,,,,,,,,,,,,,Николаев Павел Дмитриевич
3826,вторая часть оплаты,"27 618,68","30 291,50",,,,,,,,,,,,,,,Николаев Павел Дмитриевич
8569,,,"41 755,00",,,,,,,,,,,,,,,Кузнецова Анна Павловна
3030,,"214 869,80",стоп,,,,,,,,,,,,,,,Зайцева Виктория Олеговна
7148,,"104 030,41",стоп,,,,,,,,,,,,,,,Зайцева Виктория Олеговна
8408,,"108 037,78",стоп,,,,,,,,,,,,,,,Зайцева Виктория Олеговна
1859,,"101 476,56","115 975,27",,,,,,,,,,,,,,,Зайцева Виктория Олеговна
7886,,"59 589,12","47 678,14",,,,,,,,,,,,,,,Зайцева Виктория Олеговна
8810,изменение ЮЛ,"83 413,98","81 238,10",,,,,,,,,,,,,,,Кузнецова Анна Павловна
9489,,"137 284,81","295 815,92",,,,,,,,,,,,,,,Громова Алина Константиновна
3439,,"93 896,13","128 336,21",,,,,,,,,,,,,,,Громова Алина Константиновна
7387,первая часть оплаты,"228 051,73","259 053,58",,,,,,,,,,,,,,,Николаев Павел Дмитриевич
8814,,"290 368,06","192 958,84",,,,,,,,,,,,,,,Николаев Павел Дмитриевич
6129,,"10 041,78",стоп,,,,,,,,,,,,,,,Николаев Павел Дмитриевич
7391,,"63 590,28","68 339,31",,,,,,,,,,,,,,,Николаев Павел Дмитриевич
3594,первая часть оплаты,"61 726,71","47 085,06",,,,,,,,,,,,,,,Николаев Павел Дмитриевич
3594,вторая часть оплаты,"31 870,14","84 252,97",,,,,,,,,,,,,,,Николаев Павел Дмитриевич
5075,,"12 093,62","18 070,51",,,,,,,,,,,,,,,Николаев Павел Дмитриевич
9518,первая часть оплаты,"53 182,74","85 685,64",,,,,,,,,,,,,,,Николаев Павел Дмитриевич
9518,вторая часть оплаты,"64 920,99","80 906,24",,,,,,,,,,,,,,,Николаев Павел Дмитриевич
4393,,"162 055,50","197 796,33",,,,,,,,,,,,,,,Николаев Павел Дмитриевич
2903,первая часть оплаты,"33 002,35","37 997,46",,,,,,,,,,,,,,,Попов Максим Андреевич
2903,вторая часть оплаты,,"0,00",,,,,,,,,,,,,,,Попов Максим Андреевич
2903,вторая часть оплаты,в ноль,"4 205,64",,,,,,,,,,,,,,,Попов Максим Андреевич
7472,первая часть оплаты,,"29 742,14",,,,,,,,,,,,,,,Федорова Дарья Сергеевна
7472,вторая часть оплаты,,"23 692,36",,,,,,,,,,,,,,,Федорова Дарья Сергеевна
5183,,"79 047,28","107 626,99","70 002,43","72 747,76","109 468,01","108 667,87","91 989,40","95 643,03",,,,,,,,,Громова Алина Константиновна
2589,,"29 985,71","25 301,84",,,,,,,,,,,,,,,Федорова Дарья Сергеевна
3315,,"53 565,46","50 415,68",,"47 767,01","35 913,63","66 101,30","58 435,73","54 550,57","34 899,49","57 243,88","52 884,23","56 102,08","56 489,50","56 496,52","51 779,36",,Громова Алина Константиновна
7080,,"87 951,84","90 842,44",,,,,,,,,,,,,,,Федорова Дарья Сергеевна
2698,,"232 081,66","246 928,31","335 167,05",,,,,,,,,,,,,,Николаев Павел Дмитриевич
8189,,стоп,,,,,,,,,,,,,,,,Федорова Дарья Сергеевна
9917,,,,,,,,,,,,,,,,,,Федорова Дарья Сергеевна
1148,,"753 232,01","747 094,66","630 318,97","775 304,45",,,,,,,,,,,,,Зайцева Виктория Олеговна
6622,первая часть оплаты,"35 757,44","42 031,45","40 032,29",,"54 166,50","49 082,19","45 518,14","49 139,81","66 536,55","60 036,58","58 547,18","60 725,70","69 890,91","73 188,44","39 026,09","73 604,33",Попов Максим Андреевич
6622,вторая часть оплаты,"6 665,73","12 302,34","11 318,00",,,,,,,,,,,,,,Попов Максим Андреевич
9020,первая часть оплаты,"80 364,74","110 091,28","132 797,70",,,,,,,,,,,,,,Кузнецова Анна Павловна
9020,вторая часть оплаты,"20 105,80","18 828,52","23 297,24",,,,,,,,,,,,,,Кузнецова Анна Павловна
1290,первая часть оплаты,"14 574,29","19 145,40",,,,,,,,,,,,,,,Кузнецова Анна Павловна
1290,вторая часть оплаты,"13 489,09","21 682,05","32 307,58",,,,,,,,,,,,,,Кузнецова Анна Павловна
5874,первая часть оплаты,,"23 453,82","26 994,44",,,,,,,,,,,,,,Кузнецова Анна Павловна
5874,вторая часть оплаты,,"12 726,81","11 186,74",,,,,,,,,,,,,,Кузнецова Анна Павловна
2511,первая часть оплаты,"74 169,41","73 964,19","58 480,46","35 372,01","48 815,84","50 203,27","27 827,61","51 518,23","45 841,22","51 984,52","43 901,24","32 596,91","33 305,31","27 651,13","31 483,37","40 128,91",Громова Алина Константиновна
2511,вторая часть оплаты,"85 073,62","64 700,28","36 702,38","109 225,60","40 109,73","47 527,70","38 147,01","8 744,15","53 926,89","60 808,67","20 218,42","69 626,57","68 590,24","75 521,46","11 673,24","67 464,89",Громова Алина Константиновна
2511,доп работы,"89 627,14","77 757,07","91 813,65",,,,,,,,,,,,,,Громова Алина Константиновна
8199,,"131 825,67","105 391,47","75 895,92",,,,,,,,,,,,,,Громова Алина Константиновна
6012,первая часть оплаты,"30 113,04","44 198,40",,,,,,,,,,,,,,,Громова Алина Константиновна
6012,вторая часть оплаты,"12 790,82","18 391,07",,,,,,,,,,,,,,,Громова Алина Константиновна
8148,,,"76 377,37","68 168,49",,,,,,,,,,,,,,Федорова Дарья Сергеевна
9811,изменение ЮЛ,"61 259,96","59 996,81","74 179,57","65 783,57",,,,,,,,,,,,,Федорова Дарья Сергеевна
2736,,в ноль,"41 282,22","31 511,10","136 770,97",,,,,,,,,,,,,Федорова Дарья Сергеевна
8966,,"32 713,70","31 548,97","37 703,94","54 069,68",,,,,,,,,,,,,Громова Алина Константиновна
6281,,,,,,,,,,,,,,,,,,Николаев Павел Дмитриевич
5829,,"34 948,12",стоп,,,,,,,,,,,,,,,Николаев Павел Дмитриевич
3328,первая часть оплаты,"60 251,22","54 072,29","85 854,78","51 922,67",,,,,,,,,,,,,Кузнецова Анна Павловна
3328,вторая часть оплаты,"5 334,00","4 662,47","2 695,26","9 302,70",,,,,,,,,,,,,Кузнецова Анна Павловна
4613,,"52 616,34","37 046,29","47 461,58",стоп,,,,,,,,,,,,,Кузнецова Анна Павловна
3498,,"93 011,42","69 632,60","59 458,77","67 792,57",,,,,,,,,,,,,Федорова Дарья Сергеевна
8538,,"159 445,45","140 987,97","146 168,43","113 722,11",,,,,,,,,,,,,Николаев Павел Дмитриевич
5603,,,,,,,,,,,,,,,,,,Кузнецова Анна Павловна
1684,первая часть оплаты,,"101 329,97","125 366,59",,,,,,,,,,,,,,Громова Алина Константиновна
1684,вторая часть оплаты,,"34 390,97","30 173,17",,,,,,,,,,,,,,Громова Алина Константиновна
1684,вторая часть оплаты,,,"2 184,94",,,,,,,,,,,,,,Громова Алина Константиновна
1045,первая часть оплаты,"30 857,77","42 004,09","33 130,16",,,,,,,,,,,,,,Громова Алина Константиновна
1045,вторая часть оплаты,,"73 474,16","70 395,12",,,,,,,,,,,,,,Громова Алина Константиновна
1045,вторая часть оплаты,,,"3 895,92",,,,,,,,,,,,,,Громова Алина Константиновна
1441,первая часть оплаты,,,,,,,"202 792,51",,,,,,,,,,Смирнов Артем Олегович
1441,вторая часть оплаты,,,,,,,"119 271,38",,,,,,,,,,Смирнов Артем Олегович
5300,изменение ЮЛ,"53 926,47","50 998,36","54 079,58","38 420,46","34 583,56",,,,,,,,,,,,Федорова Дарья Сергеевна
9414,,"51 831,28","72 874,07","37 285,71","41 715,22","67 983,68",,,,,,,,,,,,Федорова Дарья Сергеевна
6670,,"145 175,52","29 901,62","90 968,57","58 289,17","108 748,29",,,,,,,,,,,,Федорова Дарья Сергеевна
7819,,,,"28 455,43","22 284,65","28 452,96",,,,,,,,,,"36 814,09","33 252,92",Федорова Дарья Сергеевна
6344,изменение ЮЛ,"47 595,21","34 380,16","58 284,44","45 461,00","35 818,05",end,,,,,,,,,,,Кузнецова Анна Павловна
4080,первая часть оплаты,"142 982,61","213 899,04","58 409,27","61 033,73","90 120,43",,,,,,,,,,,,Кузнецова Анна Павловна
4597,первая часть оплаты,"35 089,49","31 037,73","32 283,55","59 140,94","42 758,31",,,,,,,,,,,,Громова Алина Константиновна
4597,вторая часть оплаты,"5 143,96","2 462,19","6 129,31","2 188,04","6 374,84",,,,,,,,,,,,Громова Алина Константиновна
1712,первая часть оплаты,,,,,,,,,,,,,,,,"293 258,90",Николаев Павел Дмитриевич
1712,вторая часть оплаты,"177 496,41","316 278,17","335 528,79","319 154,55","325 269,62",,,,,,,,,,,"54 274,08",Николаев Павел Дмитриевич
2766,,"273 308,19","227 716,59","203 928,09","250 442,00","164 791,22",,,,,,,,,,,,Николаев Павел Дмитриевич
5477,,,,"2 466,33","0,00","2 641,20",,,,,,,,,,,,Смирнов Артем Олегович
9034,основные работы,,"70 711,28",,"159 990,41","52 952,57",,,,,,,,,,,,Федорова Дарья Сергеевна
9034,доп работы,,в ноль,в ноль,в ноль,"95 641,60",,,,,,,,,,,,Федорова Дарья Сергеевна
2340,,,,,,"83 543,95",,,,,,,,,,,,Кузнецова Анна Павловна
3028,,,,,,"50 186,20",,,,,,,,,,,,Кузнецова Анна Павловна
4702,первая часть оплаты,"116 633,18","64 111,09","108 960,66","124 058,64","108 594,57","91 159,41",,,,,,,,,,,Кузнецова Анна Павловна
4702,вторая часть оплаты,,,"6 034,55",,,,,,,,,,,,,,Кузнецова Анна Павловна
4702,вторая часть оплаты,"8 427,36","10 861,35","10 598,60","9 339,43","8 119,19","15 244,01",,,,,,,,,,,Кузнецова Анна Павловна
1500,первая часть оплаты,"154 349,75","101 871,43","120 379,43","30 616,89",стоп,,,,,,,,,,,,Федорова Дарья Сергеевна
1500,вторая часть оплаты,"43 480,57","46 265,15","46 402,64","16 876,22",стоп,,,,,,,,,,,,Федорова Дарья Сергеевна
4903,,,,,,"50 551,16",стоп,,,,,,,,,,,Громова Алина Константиновна
6977,первая часть оплаты,,"936 532,56",в ноль,в ноль,в ноль,стоп,,,,,,,,,,,Кузнецова Анна Павловна
6855,,,в ноль,"41 655,16","36 765,81","39 359,98","49 431,93",,,,,,,,,,,Федорова Дарья Сергеевна
5168,,,,,,,"245 498,02",,,,,,,,,,,Громова Алина Константиновна
6679,,,,,,,"546 212,50",,,,,,,,,,,Федорова Дарья Сергеевна
2011,первая часть оплаты,,,,"76 913,58",,,"70 091,50",,,,,,,,,,Попов Максим Андреевич
2011,вторая часть оплаты,,,,"8 769,03",,,"4 423,20",,,,,,,,,,Попов Максим Андреевич
5705,основные работы,"91 689,77","93 406,90","93 414,09","74 013,12","70 600,86","77 322,19","76 793,28",,"92 988,69","62 843,54","95 823,24","83 558,47","71 523,58","96 741,99","85 692,29","96 622,48",Попов Максим Андреевич
9585,первая часть оплаты,,,,,"103 593,41","88 431,49","52 892,01",,,,,,,,,,Федорова Дарья Сергеевна
9585,вторая часть оплаты,,,,,"34 479,74","20 922,89","39 365,89",,,,,,,,,,Федорова Дарья Сергеевна
9585,доп работы,,,,,"50 369,05","44 528,91","32 219,88",,,,,,,,,,Федорова Дарья Сергеевна
5574,,,,,,"45 521,65","49 736,99","44 819,42",,,,,,,,,,Кузнецова Анна Павловна
4400,,,,,,,,,,,,,,,,,,Федорова Дарья Сергеевна
4850,,,"80 779,93",,,,,"71 505,07",,,,,,,,,,Николаев Павел Дмитриевич
3202,основные работы,,,,,,"62 288,26","93 725,28",,,,,,,,,,Федорова Дарья Сергеевна
3202,доп работы,,,,,,"10 811,21","18 865,50",,,,,,,,,,Федорова Дарья Сергеевна
9574,первая часть оплаты,,,"85 709,19","82 955,24","61 795,23","72 719,76","63 088,97",,,,,,,,,,Николаев Павел Дмитриевич
9574,вторая часть оплаты,,,,,,,"19 212,49",,,,,,,,,,Николаев Павел Дмитриевич
4703,первая часть оплаты,,,,,"46 848,15","20 732,05","19 930,32",,,,,,,,,,Николаев Павел Дмитриевич
9669,,,,,,,"8 381,77","73 294,35",стоп,,,,,,,,,Николаев Павел Дмитриевич
5242,,,,,,,"7 878,94","26 032,10",стоп,,,,,,,,,Николаев Павел Дмитриевич
3001,,,,,,,"7 448,65","26 682,69",стоп,,,,,,,,,Николаев Павел Дмитриевич
1273,,,,,,,"10 514,56","22 483,47",стоп,,,,,,,,,Николаев Павел Дмитриевич
6053,основные работы,"46 872,14","46 061,81","43 536,76","41 014,64","32 170,22","34 730,50","30 616,46",,,,,,,,,,Кузнецова Анна Павловна
6053,доп работы,,,,,в ноль,"60 097,43",в ноль,,,,,,,,,,Кузнецова Анна Павловна
1652,,,,,,,,"15 965,22",,,,,,,,,,Громова Алина Константиновна
1100,основные работы,"104 297,43","115 573,16","63 709,11","96 446,22","67 925,40","97 409,66","56 616,77",,,,,,,,,,Громова Алина Константиновна
5247,основные работы,,,,,"122 244,48","81 420,31","94 150,62",,,,,,,,,,Зайцева Виктория Олеговна
5247,доп работы,,,,,"102 052,26","99 364,06","128 055,66",,,,,,,,,,Зайцева Виктория Олеговна
3216,первая часть оплаты,"408 901,80","411 283,12","108 522,56","76 548,72","81 762,95","132 130,66","185 348,64","117 908,62",,,,,,,,,Николаев Павел Дмитриевич
3216,вторая часть оплаты,"133 835,37","128 371,38",,,,,,,,,,,,,,,Николаев Павел Дмитриевич
1353,,,,,,,,,,,,,,,,,,Федорова Дарья Сергеевна
9435,основные работы,,,,,,"64 041,90","49 858,68","73 675,23",,,,,,,,,Федорова Дарья Сергеевна
9261,,,,,,"39 398,46","55 747,35","37 493,05","51 302,64",,,,,,,,,Николаев Павел Дмитриевич
8220,вторая часть оплаты,"80 127,07","87 593,18","83 733,96","64 541,32","71 691,71","109 197,97","112 867,86","75 420,89",,,,,,,,,Федорова Дарья Сергеевна
5376,основные работы,,,,,,"159 862,56","174 800,86","138 056,17",,,,,,,,,Кузнецова Анна Павловна
5376,доп работы,,,,,,"102 531,59","80 180,36","35 232,23",,,,,,,,,Кузнецова Анна Павловна
4695,основные работы,"72 573,10",,"71 355,92","114 419,59","93 956,68","113 762,31","81 269,85","72 249,91",,,,,,,,,Николаев Павел Дмитриевич
1494,первая часть оплаты,"326 109,44","162 436,54","159 558,12","195 116,62","91 772,40","198 345,92","142 482,39","150 239,18",,,,,,,,,Федорова Дарья Сергеевна
1494,вторая часть оплаты,"43 854,47","25 958,86","99 346,97","111 208,83","143 359,75","52 707,12","38 211,94","54 541,75",,,,,,,,,Федорова Дарья Сергеевна
9741,первая часть оплаты,,,,,,,"21 440,57","15 079,56",,,,,,,,,Федорова Дарья Сергеевна
9741,вторая часть оплаты,,,,,,,"78 926,19","70 374,31",,,,,,,,,Федорова Дарья Сергеевна
5406,,,,,,,,в ноль,в ноль,,,,,,,,,Попов Максим Андреевич
3883,,,,,,,,"345 406,08","309 469,98",,,,,,,,,Громова Алина Константиновна
1343,,,,,,,,"82 245,35","66 043,75","113 904,26",,,,,,,,Зайцева Виктория Олеговна
7114,,,,,,"66 887,28","68 624,31","55 480,55","69 541,09",,,,,,,,,Кузнецова Анна Павловна
5991,,,,,,,,,"53 646,87",,,,,,,,,Николаев Павел Дмитриевич
9226,основные работы,"82 854,81","60 929,33","78 948,88","63 306,30","49 596,00","66 616,93","74 701,15","64 115,71",,,,,,,,,Громова Алина Константиновна
9226,доп работы,"3 811,32","6 888,52","4 346,43","3 283,77","2 031,27","6 406,53","2 844,23","1 698,62",,,,,,,,,Громова Алина Константиновна
5663,основные работы,,,,,"56 879,58","46 178,30","39 048,58","50 497,45","49 353,69",стоп,,,,,,,Громова Алина Константиновна
5663,доп работы,,,,,"22 079,67","29 216,16","32 810,15","31 010,38",,,,,,,,,Громова Алина Константиновна
7879,первая часть оплаты,,,"321 990,61","35 270,61","37 115,84","31 107,39","25 050,70",стоп,,,,,,,,,Громова Алина Константиновна
7879,вторая часть оплаты,,,"2 449,09","20 279,43","8 547,44","16 613,20",,,,,,,,,,,Громова Алина Константиновна
7227,,,,,,,,"32 942,95",в ноль,,,,,,,,,Кузнецова Анна Павловна
5591,,,,,,"28 141,34","31 344,79",,"43 426,83","31 834,40",,,,,,,,Николаев Павел Дмитриевич
6393,первая часть оплаты,,,,,,,,"91 338,15","118 678,74",,,,,,,,Николаев Павел Дмитриевич
6393,вторая часть оплаты,,,,,,,,в ноль,"18 592,64","27 416,76",,,,,,,Николаев Павел Дмитриевич
1041,первая часть оплаты,,,"73 425,48","51 194,46","79 235,32","46 250,53","58 039,73","47 092,10","56 285,89","47 238,00","71 650,67","68 744,10","47 328,61","48 062,92","49 776,66",,Николаев Павел Дмитриевич
1041,вторая часть оплаты,,,в ноль,в ноль,в ноль,в ноль,в ноль,в ноль,в ноль,,,,,,,,Николаев Павел Дмитриевич
1014,,"66 603,26",,,"41 642,22","56 225,94","55 515,46","51 388,18","25 256,93","90 528,19",,,,,,,,Кузнецова Анна Павловна
4307,,,,,,,"60 294,08","33 221,72","54 138,59",стоп,,,,,,,,Николаев Павел Дмитриевич
6193,,,"48 122,48","63 211,63","93 682,36","65 919,95","69 515,72","84 080,92","57 647,39","39 723,30","41 564,69","43 128,65","56 689,21","68 324,95","52 582,23","72 720,57","66 490,96",Кузнецова Анна Павловна
6427,основные работы,,,,"164 048,49",,в ноль,"60 089,52","95 119,85",в ноль,,,,,,,,Федорова Дарья Сергеевна
6427,доп работы,,,,,,,,,"183 664,62","160 295,93","314 876,16","191 529,76","196 604,23","168 220,34","257 418,37","236 447,68",Федорова Дарья Сергеевна
4705,первая часть оплаты,,,,,,"57 522,01","42 764,85","33 717,85","46 469,69",,,,,,,,Кузнецова Анна Павловна
4705,вторая часть оплаты,,,,,,,,"17 402,72",,,,,,,,,Кузнецова Анна Павловна
7532,основные работы,,,,"204 454,61","28 233,25","112 832,56","97 814,97","132 003,32","143 904,87",,,,,,,,Федорова Дарья Сергеевна
7532,доп работы,,,,,,,"184 090,73","106 787,42","65 719,51",,,,,,,,Федорова Дарья Сергеевна
7532,доп работы,,,,,,,,,"73 256,83",,,,,,,,Федорова Дарья Сергеевна
8854,,,,,,,,,,"166 526,54",,,,,,,,Громова Алина Константиновна
4270,первая часть оплаты,,,,,,,,,"7 204,29",,,,,,,,Громова Алина Константиновна
4270,вторая часть оплаты,,,,,,,,,"442,56",,,,,,,,Громова Алина Константиновна
1600,,,,,,,,,,"37 826,95",,,,,,,,Федорова Дарья Сергеевна
2174,,,,,,,,,,,,,,,,,,Соколов Никита Игоревич
4149,первая часть оплаты,,,,,,,,,"143 377,33",,,,,,,,Попов Максим Андреевич
2551,,,,,,"46 532,65","35 697,96","45 286,21",в ноль,"50 895,93",в ноль,,,,,,,Громова Алина Константиновна
4354,первая часть оплаты,,"516 636,20",,,,"58 433,83","59 388,61","69 076,08","51 268,88","58 660,43",,,,,,,Федорова Дарья Сергеевна
4354,вторая часть оплаты,,,,,,"0,00",в ноль,"2 199,53",в ноль,в ноль,,,,,,,Федорова Дарья Сергеевна
7245,первая часть оплаты,,,,,,,"76 772,91","77 946,43","84 884,74","50 479,62","125 267,11","110 712,63","116 717,60","138 960,57",,,Попов Максим Андреевич
7245,вторая часть оплаты,,,,,,,,,,,"2 935,75","859,22",в ноль,в ноль,,,Попов Максим Андреевич
4967,,,,,,,"82 698,18","36 852,94","61 406,81","26 357,75","56 738,86",,,,,,,Кузнецова Анна Павловна
6057,основные работы,"120 282,71","124 570,90","88 283,23",стоп,,,,,,,,,,,,,Кузнецова Анна Павловна
6057,первая часть оплаты,,,,"163 662,35","131 911,19","161 386,85","165 732,36","165 101,30","102 165,72","169 255,96",,"132 901,17","213 535,44","223 815,81","154 725,74",стоп,Кузнецова Анна Павловна
6057,вторая часть оплаты,,,,"46 218,97","29 265,52","42 715,34","70 802,35","63 349,53","38 334,65","50 607,15",,,,,,,Кузнецова Анна Павловна
2209,,,,,,,,,"36 450,72","64 050,93","80 196,48",,,,,,,Громова Алина Константиновна
8259,первая часть оплаты,,,,,,,"115 051,66","89 381,82","105 651,20","69 183,00",,,,,,,Попов Максим Андреевич
8259,вторая часть оплаты,,,,,,,"45 516,59","42 965,90","45 100,02","49 065,38",,,,,,,Попов Максим Андреевич
4161,первая часть оплаты,"19 166,66","26 636,52","32 371,13",,"22 154,02","22 839,25",,"26 771,35","23 783,16","23 457,94",,,,,,,Громова Алина Константиновна
4161,вторая часть оплаты,"29 650,59","30 569,82","32 076,44",,"19 673,72","26 208,20",,"19 703,34","27 651,49","28 563,31",,,,,,,Громова Алина Константиновна
4251,,"59 779,50","72 175,29","89 042,33","164 016,55","145 401,07","169 001,75","155 114,81","182 866,58","204 735,67","112 538,90","158 764,62","168 107,29","138 441,01","168 244,34","123 051,38","169 302,15",Попов Максим Андреевич
7854,основные работы,"157 123,14","127 003,30","181 944,32","184 408,76","233 492,70","144 167,21","184 187,65","255 760,39","196 827,07","176 729,83",,,,,,,Громова Алина Константиновна
7854,доп работы,,,,,,,,,"62 633,35",,,,,,,,Громова Алина Константиновна
9325,изменение ЮЛ,,,"89 150,82","48 109,32","365 957,14","314 416,25","380 171,67","452 321,21","375 229,94","275 440,12",,,,,,,Зайцева Виктория Олеговна
9696,первая часть оплаты,,,,,,,,,,"629 627,68",,,,,,,Федорова Дарья Сергеевна
1315,,,,,,,,,,"26 379,07","39 962,57",,,,,,,Громова Алина Константиновна
2833,,"44 809,13","54 801,85","51 616,89","36 536,74",,"33 471,12","34 860,53","134 854,74","153 593,12","226 205,67",,,,,,,Федорова Дарья Сергеевна
2604,первая часть оплаты,,,"75 301,98","48 631,24","62 222,94","65 654,12","87 900,17","46 804,15","78 992,80",стоп,,,,,,,Николаев Павел Дмитриевич
2604,вторая часть оплаты,,,,,"11 984,13",,,,,,,,,,,,Николаев Павел Дмитриевич
3547,первая часть оплаты,,,,,,,,,"9 752,09","16 058,81",,,,,,,Кузнецова Анна Павловна
3547,вторая часть оплаты,,,,,,в ноль,в ноль,,"29 037,40",в ноль,,,,,,,Кузнецова Анна Павловна
9676,основные работы,,,,,,,"130 375,51","74 658,52","85 742,73","74 898,27","52 835,57","84 041,03","72 435,65","63 984,50","63 569,27","81 390,48",Николаев Павел Дмитриевич
4489,,"11 314,86","12 901,74","19 495,42","12 717,01",,"22 877,19","11 292,31","19 548,77","22 299,19","14 668,31","18 634,19",,"24 102,56","17 682,45","20 046,08","15 247,95",Кузнецова Анна Павловна
8715,,"52 267,01","49 169,47","74 589,58","59 615,53","53 583,00","44 397,55","67 329,97","65 296,74","71 162,49","60 813,86","75 575,00",,,,,,Попов Максим Андреевич
8077,,,,,,,"51 369,71","84 465,31","97 079,50","114 797,74","116 521,58","79 324,06",,,,,,Громова Алина Константиновна
7827,основные работы,,"32 849,98","23 556,75","26 701,31","40 978,70","48 136,02","38 857,76","48 166,00","41 449,56","47 811,35","33 080,84","31 024,83","33 163,02","30 156,29","53 153,42","34 110,95",Кузнецова Анна Павловна
7827,доп работы,,"24 887,01","2 121,02","11 783,23","19 728,01","7 856,53","47 181,36","70 039,80","19 265,20","12 460,50","12 911,67","14 500,76",в ноль,"12 296,67","9 101,99","2 448,45",Кузнецова Анна Павловна
3516,первая часть оплаты,,,,"1 061,51","0,00","0,00","576,60","3 367,16","112 433,86","92 390,65","130 808,74",,,,,,Федорова Дарья Сергеевна
3516,вторая часть оплаты,,,,,,,,,"5 102,97",,,,,,,,Федорова Дарья Сергеевна
3516,вторая часть оплаты,,,,"5 393,06","5 436,33","4 166,69","1 192,00",в ноль,в ноль,в ноль,в ноль,,,,,,Федорова Дарья Сергеевна
5547,первая часть оплаты,,,,,,,,"128 584,71","14 243,82",стоп,,,,,,,Попов Максим Андреевич
5547,вторая часть оплаты,,,,,,,,"31 375,01",в ноль,стоп,,,,,,,Попов Максим Андреевич
1072,первая часть оплаты,,,,,,,,"36 811,05","56 757,90","40 958,72","58 411,78",,,,,,Кузнецова Анна Павловна
1072,вторая часть оплаты,,,,,,,,в ноль,"4 269,26","1 234,40","1 835,51",,,,,,Кузнецова Анна Павловна
4607,первая часть оплаты,"395 910,37","458 129,49","430 352,20","428 884,87","686 382,83","546 930,88","408 764,02","571 843,52","727 239,31","547 008,20","737 101,78","944 246,95","835 902,89","991 764,85","1 011 043,85","815 998,72",Попов Максим Андреевич
4607,вторая часть оплаты,"13 583,10","130 513,04",в ноль,в ноль,"30 625,59","47 676,21","7 906,92",в ноль,"4 033,69","64 742,06","15 412,62",в ноль,в ноль,в ноль,в ноль,в ноль,Попов Максим Андреевич
5184,,,,,,,,,,"45 269,17","35 524,42","30 605,07",,,,,,Федорова Дарья Сергеевна
5461,первая часть оплаты,,,,,,,,,"56 367,98","31 269,64","26 107,85",,,,,,Федорова Дарья Сергеевна
1306,,,,,,,,,,"36 834,51","37 312,11","32 813,79",,,,,,Федорова Дарья Сергеевна
1394,первая часть оплаты,"28 360,26","35 560,98","23 036,74","30 122,52","41 714,75","32 292,49","24 595,62","30 878,83","22 582,18","25 177,15","74 908,32","72 770,60","45 762,43","60 351,75","53 039,56","56 235,27",Кузнецова Анна Павловна
1394,вторая часть оплаты,"18 276,29","65 026,87","102 102,40","51 112,37","90 958,91","74 630,42","62 027,84","74 773,13","69 685,74","98 222,40","54 004,60","52 833,36","78 058,93","79 941,95","64 868,69","77 884,57",Кузнецова Анна Павловна
4281,первая часть оплаты,,,,,"97 123,23","106 425,13","81 979,27","116 721,36","111 137,74","122 820,25","77 849,06","98 331,96","117 750,63","82 599,37","89 415,62","125 091,86",Кузнецова Анна Павловна
4281,вторая часть оплаты,,,,,"6 560,46","9 740,05","6 153,17","6 254,10","12 887,50","11 350,50","14 079,31",,,,,,Кузнецова Анна Павловна
6355,,,,,,,,,"45 909,65","56 615,30",стоп,,,,,,,Попов Максим Андреевич
1106,первая часть оплаты,,,,,,,,,"18 307,92","14 567,81","17 483,28",,,,,,Громова Алина Константиновна
1106,вторая часть оплаты,,,,,,,,,"1 528,23","1 491,54",в ноль,,,,,,Громова Алина Константиновна
8629,первая часть оплаты,"141 545,93","160 777,86","128 941,22","141 623,57","162 562,47","145 754,49","151 458,59","130 871,01","130 892,90","151 505,96","111 709,14","119 465,58","182 083,22","129 701,15",стоп,,Кузнецова Анна Павловна
8629,вторая часть оплаты,"9 509,97","18 431,27","20 554,36","7 862,68","3 977,95","17 811,09","28 787,22","18 431,42","5 747,63","18 404,98","15 669,37","9 544,64","7 874,41","27 343,03",стоп,,Кузнецова Анна Павловна
6066,,,,,,,,,,,"135 641,62","91 742,01",,,,,,Попов Максим Андреевич
6256,основные работы,,,,,,,,"21 975,52","43 802,73","51 435,25","55 352,47","44 328,37","35 129,72","48 545,78","32 541,07","45 571,63",Кузнецова Анна Павловна
6256,доп работы,,,,,,,,в ноль,в ноль,в ноль,в ноль,в ноль,в ноль,в ноль,в ноль,в ноль,Кузнецова Анна Павловна
1616,,,,,,,,,,,,"35 263,36",,,,,,Кузнецова Анна Павловна
4135,,,,,,"32 946,41","58 536,83",в ноль,"7 373,84","22 004,18","10 094,96","15 511,81",,,,,,Федорова Дарья Сергеевна
3591,основные работы,,,,"144 902,56","81 600,02","88 700,10","81 011,20","89 879,77","111 171,24","120 276,83","114 799,55","148 745,90","115 622,39","154 698,47","134 888,19","92 503,63",Попов Максим Андреевич
3591,доп работы,,,,,,,,,,,"9 715,28",,,,,,Попов Максим Андреевич
4150,,,,,,,,"47 911,18","49 652,47","55 295,39","131 267,49",стоп,,,,,,Попов Максим Андреевич
9384,,,,,,,,,,,,"45 095,77",,,,,,Громова Алина Константиновна
7728,,,,,,,,,"59 552,35","21 844,44","34 355,56","41 145,44",,,,,,Попов Максим Андреевич
8421,,,,,,,,,"394 927,83","254 742,16","113 928,15","108 582,53",,,,,,Громова Алина Константиновна
4279,основные работы,,,,,,,,,,"60 979,70","57 418,11","85 872,65","58 989,39","75 293,38",стоп,,Кузнецова Анна Павловна
4279,доп работы,,,,,,,,,,в ноль,в ноль,в ноль,в ноль,в ноль,стоп,,Кузнецова Анна Павловна
4144,основные работы,,,,,,"37 834,18","40 109,06","41 801,74","56 109,50","13 240,01",стоп,,,,,,Николаев Павел Дмитриевич
4144,доп работы,,,,,,в ноль,в ноль,"8 969,67","3 891,44","0,00",стоп,,,,,,Николаев Павел Дмитриевич
6187,изменение ЮЛ,,,"228 600,94","232 873,55",,,,,,,"396 648,75",,,,,,Зайцева Виктория Олеговна
3170,,,,,,,,,,,"21 609,15","12 862,03",,,,,,Зайцева Виктория Олеговна
4747,,,,"80 017,25","119 949,07","132 031,92","128 982,37","118 390,89",,"97 799,66","95 290,02","105 782,55",стоп,,,,,Попов Максим Андреевич
2010,,,,"54 512,07","50 251,02","39 944,78","40 314,01","66 179,59",,"60 514,94","64 335,53","47 352,54",стоп,,,,,Попов Максим Андреевич
6059,,,,,,,,,,,,,,,,,,Федорова Дарья Сергеевна
7455,первая часть оплаты,,,,,"75 449,16","94 327,33","105 174,54","69 414,76","86 871,89","87 822,25","90 030,27","105 734,85","74 748,31","103 317,90","68 462,80","108 693,18",Смирнов Артем Олегович
7455,вторая часть оплаты,,,,,"4 832,47","7 268,18","8 618,65","12 875,08","5 690,24",в ноль,"1 473,45","3 447,05",в ноль,"15 747,83","4 906,40","4 451,99",Смирнов Артем Олегович
3466,первая часть оплаты,,,,,,,"61 525,99","51 299,61","51 508,98","38 192,03","38 427,24","66 689,12",,"43 208,31","46 202,62","54 319,11",Федорова Дарья Сергеевна
3466,вторая часть оплаты,,,,,,,"42 409,98","37 169,16","37 162,35","25 278,55","40 058,94","70 150,82",,"41 552,99","58 809,25","37 638,27",Федорова Дарья Сергеевна
8212,,,,,,,,,,,,,"215 426,34",,,,,Громова Алина Константиновна
8896,,,,"41 602,68","38 281,44","28 497,51","22 871,84","37 410,54","33 539,27",,"40 422,89","49 929,76","24 469,25",,,,,Попов Максим Андреевич
3597,,,,,,,,,,,"26 036,25","19 620,16","23 014,33",,,,,Попов Максим Андреевич
8435,,"48 961,71","78 486,11","89 651,69","73 293,48","87 693,96","65 034,95","73 685,19","66 838,33","86 751,24","66 382,65","81 548,38","57 398,74","91 293,91","98 414,92","88 131,33","116 398,35",Громова Алина Константиновна
4552,первая часть оплаты,,,,,,,"121 680,48","44 981,23","115 546,67",стоп,,,,,,,Федорова Дарья Сергеевна
4552,вторая часть оплаты,,,,,,,,в ноль,в ноль,стоп,,,,,,,Федорова Дарья Сергеевна
8832,первая часть оплаты,,,,,,,,,,,,стоп,,,,,Федорова Дарья Сергеевна
9963,первая часть оплаты,,,,,,,,,,,"51 631,33",стоп,,,,"36 335,76",Попов Максим Андреевич
9963,вторая часть оплаты,,,,,,,,,,,в ноль,стоп,,,,в ноль,Попов Максим Андреевич
9235,первая часть оплаты,,,,,,,,,,"57 175,62",,"85 873,71",,,,,Федорова Дарья Сергеевна
9235,вторая часть оплаты,,,,,,,,,,"13 480,06",,"12 403,41",,,,,Федорова Дарья Сергеевна
4260,,,,,,,,,в ноль,,,,"134 474,93","63 481,47",,,,Зайцева Виктория Олеговна
7015,основные работы,,,,,"30 958,91","48 683,74","20 950,09","32 063,88","28 512,53","30 016,71","17 712,99","28 948,00","64 702,09",,,,Смирнов Артем Олегович
7015,доп работы,,,,,"19 358,64","8 451,94","9 030,57","15 636,71","6 297,60","9 996,30","8 019,40","7 492,69","8 473,36",,,,Смирнов Артем Олегович
3487,первая часть оплаты,,,,"45 811,67","50 400,53","37 972,73",,,,,"55 411,44","39 006,44","37 815,80",,"47 816,30","46 333,78",Попов Максим Андреевич
6004,первая часть оплаты,"72 519,00","56 861,03","33 635,73",,"61 597,54","29 323,41","40 770,49","47 894,25","78 446,00","60 152,62","63 244,71","75 363,27","46 916,66","55 855,61","73 232,35","86 331,10",Смирнов Артем Олегович
3664,первая часть оплаты,,,,,,,,,"77 951,40","91 955,15",,"84 332,68",,,,,Попов Максим Андреевич
3664,вторая часть оплаты,,,,,,,,,,,,в ноль,,,,,Попов Максим Андреевич
8696,,"49 139,02","59 135,94","43 103,42","78 771,49","60 459,72","97 725,52",стоп,"55 447,98","37 235,79","62 935,28","70 831,98","22 327,47",стоп,,,"48 258,44",Попов Максим Андреевич
2855,,,,,,,,,,,"23 324,25","17 713,84","20 658,14","15 468,17",,,,Попов Максим Андреевич
1331,первая часть оплаты,,"50 776,54","44 584,34","28 584,94","26 011,10","31 478,02","52 100,53","54 660,33","39 238,88","32 194,48","50 438,87","47 004,32","36 170,24","44 434,56","28 905,41","53 368,56",Попов Максим Андреевич
1331,вторая часть оплаты,,,,,,"5 747,68",,,,,,,,,,,Попов Максим Андреевич
1512,,,,,,,,,,,"142 443,87","103 479,17","99 665,56","53 358,28",,,,Попов Максим Андреевич
7029,основные работы,,,,,"40 750,03","56 716,57","65 563,62","74 694,96","68 577,15","43 289,85","43 015,25","61 307,08","68 204,94","51 050,40","43 980,78",стоп,Кузнецова Анна Павловна
7029,доп работы,,,,,"8 649,63","7 969,39","8 521,10","8 208,79","10 767,21","11 612,21","7 152,56","9 576,96","10 671,62","11 739,78","9 799,66",стоп,Кузнецова Анна Павловна
9731,,,,,,,,,в ноль,в ноль,в ноль,в ноль,в ноль,в ноль,,,,Кузнецова Анна Павловна
4782,первая часть оплаты,,,,"72 080,25","110 434,32","96 952,23","116 821,21","110 341,62","110 046,49","130 577,10","147 550,05","121 992,80","133 933,69","169 839,44","185 676,22","111 381,57",Громова Алина Константиновна
4782,вторая часть оплаты,,,,"36 466,27","15 891,33","29 098,01","25 512,75","24 522,34",,,,,,,,,Громова Алина Константиновна
4782,доп работы,,,,,,,,,,,,"48 815,62","37 752,47","53 184,29","62 900,87","58 402,60",Громова Алина Константиновна
8072,доп работы,,,,,,"55 360,11",,,,,,,,,,,Громова Алина Константиновна
8072,первая часть оплаты,,,,"38 259,09","41 829,26","39 216,29","40 179,00","48 628,57","48 854,11","43 411,93","37 943,58","91 545,69","77 947,44","94 945,31","68 861,04","68 311,54",Громова Алина Константиновна
8072,вторая часть оплаты,,,,"35 307,05","26 035,74","20 617,00","27 700,07","46 342,17","31 940,58","67 577,16","76 113,26","20 080,07","54 912,94","39 492,91","31 450,05","14 125,76",Громова Алина Константиновна
8055,первая часть оплаты,,,,,,,,"16 434,63",,"133 098,26","145 510,51","132 999,63","216 942,82","225 975,71","172 449,45","185 808,34",Громова Алина Константиновна
8055,вторая часть оплаты,,,,,,,,,,"4 407,47","56 382,82","38 526,54","102 458,82","65 737,88","51 828,54","65 563,28",Громова Алина Константиновна
7500,первая часть оплаты,,,,,,,,,,,,,"33 028,14",,"29 864,70","56 978,85",Кузнецова Анна Павловна
7500,вторая часть оплаты,,,,,,,,,,,,,,,в ноль,"871,83",Кузнецова Анна Павловна
9389,первая часть оплаты,,,,,,,,,,"45 290,47","42 052,41","42 233,54","75 364,95",,,,Попов Максим Андреевич
9389,вторая часть оплаты,,,,,,,,,,,,"2 012,10","0,00",,,,Попов Максим Андреевич
8496,основные работы,"46 179,13","8 638,28",,,,,,,"120 961,94","9 028,43","13 798,34","91 692,19",стоп,,,,Федорова Дарья Сергеевна
8496,доп работы,,,,,,,,,,,"5 462,91",,,,,,Федорова Дарья Сергеевна
6527,,"262 963,89","298 279,87","356 932,99","439 042,08","336 533,21","263 045,93","453 655,45","287 730,47","438 710,90","272 009,70","332 344,94","258 202,56",стоп,,,,Федорова Дарья Сергеевна
6729,,"114 562,53","98 046,93","108 452,78","85 130,45","113 029,15","99 351,00","52 171,37","55 851,89","57 569,43","51 792,28","86 269,94","60 307,81",стоп,,,,Федорова Дарья Сергеевна
6425,,,,,,,,,"492 309,92","141 254,45","19 573,60","32 097,58","25 684,44",стоп,,,,Федорова Дарья Сергеевна
5479,,,,,,,,,"100 323,89","101 106,51","113 096,80","133 049,59","71 038,13","139 194,00",,,,Громова Алина Константиновна
8695,,,,,,,,,,,,,,,,,,Громова Алина Константиновна
4310,,,,,,,,,,,,"166 596,50","124 792,48","161 735,21","30 726,46",в ноль,в ноль,Громова Алина Константиновна
1742,,,,,,,,,"113 940,98","90 515,90","69 493,41","75 728,27",стоп,,,,,Кузнецова Анна Павловна
4157,основные работы,,,,,,,,,"47 133,60","40 892,80",стоп,,,,,,Попов Максим Андреевич
4157,доп работы,,,,,,,,,"18 967,11","11 983,70",стоп,,,,,,Попов Максим Андреевич
7735,основные работы,"136 498,39","145 037,80","145 196,75","110 684,86","110 464,68","120 189,57","147 823,17","115 569,43","99 586,01","133 063,61","107 009,09","162 337,87","104 623,25","149 633,39","150 184,30","151 695,33",Громова Алина Константиновна
6612,,,,,,,,,,,"86 010,83","108 585,74","84 275,64","57 486,40",,,,Федорова Дарья Сергеевна
1341,первая часть оплаты,,,,,,,,,,,,,"117 703,39","13 533,75",,,Попов Максим Андреевич
1341,вторая часть оплаты,,,,,,,,,,,,,"59 729,40",,,,Попов Максим Андреевич
5515,,,,,,,,,,,,,"58 096,08","71 536,17","63 010,72","76 625,77","90 381,14",Смирнов Артем Олегович
1735,первая часть оплаты,,,"43 139,65",,,,,,,,,,,,,,Попов Максим Андреевич
1735,вторая часть оплаты,"75 434,48","62 711,02","6 048,80","51 838,34","40 630,00","52 495,31","45 619,15","45 558,48","40 354,11","48 969,18","44 885,20","32 174,50","23 476,01",,,,Попов Максим Андреевич
9108,первая часть оплаты,,,,,,,,,,"57 343,59","93 397,59","68 851,55",стоп,,,,Громова Алина Константиновна
9108,вторая часть оплаты,,,,,,,,,,"61 769,40","66 264,53","38 808,76",стоп,,,,Громова Алина Константиновна
9108,доп работы,,,,,,,,,,в ноль,в ноль,в ноль,стоп,,,,Громова Алина Константиновна
7952,первая часть оплаты,,,,,,,,,,,,"50 087,40",стоп,,,,Громова Алина Константиновна
7952,вторая часть оплаты,,,,,,,,,,,,"33 345,41",стоп,,,,Громова Алина Константиновна
4550,,,,,,,,,,,,,,"117 351,59","96 501,41",,,Волкова Елена Дмитриевна
9961,первая часть оплаты,,,"25 645,92","35 429,64","45 048,28","50 976,08","3 010,68","6 187,96","4 097,16","6 797,03","53 738,49","56 647,66",стоп,,,,Смирнов Артем Олегович
9961,вторая часть оплаты,"31 454,86","72 047,98","26 569,61","9 492,13","16 294,67","20 039,47","2 261,05","816,20","2 228,69","2 292,00","6 204,45","9 472,74",стоп,,,,Смирнов Артем Олегович
8385,первая часть оплаты,,,,,,,"161 984,15","151 072,56","106 014,58","107 507,55","89 218,11","157 031,85",стоп,,,,Смирнов Артем Олегович
8385,вторая часть оплаты,"158 865,59","249 273,94","73 683,55",,,,"70 080,02","52 993,80","37 125,04",в ноль,"69 884,89","41 720,93",стоп,,,,Смирнов Артем Олегович
8694,,,,,,,,,"39 042,03","70 487,78","48 134,65",,,"55 987,45",,,,Федорова Дарья Сергеевна
2967,,,,,,,,,,,,"57 810,56","82 643,53","56 998,45","50 981,30",,,Федорова Дарья Сергеевна
2917,,,,,,,,"87 340,12","72 941,00","63 593,71",,,,"95 470,32","49 148,71","55 959,71","51 337,01",Попов Максим Андреевич
1784,,,,,,,,,,,,,,"350 923,81",,,,Смирнов Артем Олегович
3677,первая часть оплаты,"60 806,96","87 202,85","83 635,71","68 981,56","64 252,41","61 544,78","87 937,80","65 923,25","79 504,11","50 418,97","58 701,44","84 913,16","87 597,39","50 806,85","96 374,83","95 261,39",Смирнов Артем Олегович
3677,вторая часть оплаты,"89 601,41","79 298,33","24 963,33","88 443,30","63 686,92","80 284,75","104 978,20","60 301,68","99 564,65","103 364,55","81 650,78","68 947,22","97 075,97","83 748,48","14 445,55","30 211,32",Смирнов Артем Олегович
5593,основные работы,,,"48 960,35","38 528,38","41 287,29","38 685,83","37 553,36","51 869,45","42 104,01","27 847,27","42 914,79","25 664,04","29 512,98","44 171,32","52 313,75","44 677,64",Смирнов Артем Олегович
5593,доп работы,,,,,,,,,"8 097,26","20 302,36","12 843,81","10 952,21","17 956,33","16 379,78","14 381,06","25 031,29",Смирнов Артем Олегович
5266,первая часть оплаты,"217 899,08","189 950,80","133 216,42","154 641,96","163 953,93","144 520,70","186 024,07","228 798,15","238 449,74","156 935,24","194 606,79","135 884,75","208 952,74","181 843,29","160 725,74","212 024,20",Федорова Дарья Сергеевна
5266,вторая часть оплаты,"26 133,24","18 738,23","21 460,11","19 686,86","23 881,96","20 573,90","15 186,79","16 810,09","17 643,24","13 535,03","14 577,48","11 495,65","11 046,72","16 166,58","14 035,25","14 844,25",Федорова Дарья Сергеевна
1171,,,,,,,,,,,"75 657,86","88 255,88","99 711,77","83 640,30","77 120,61",,,Федорова Дарья Сергеевна
7796,первая часть оплаты,"413 402,34","441 061,61","583 545,55","903 126,20","907 911,72","650 807,56","124 095,66","137 379,10","184 269,96","157 305,61","226 857,98","490 729,27","364 570,45","355 265,57",,,Федорова Дарья Сергеевна
7796,вторая часть оплаты,,,,"7 438,91","19 413,97","7 458,85","4 105,50","3 104,39","3 013,68","4 723,22","2 280,75",,,,,,Федорова Дарья Сергеевна
5502,,,,,,,,"113 107,56","106 998,35","69 137,99","99 607,76","102 807,83","97 642,30","107 285,32","66 315,87","136 329,87","124 421,50",Федорова Дарья Сергеевна
8070,первая часть оплаты,,,,,,,,,,,"80 171,49","69 619,72","108 703,28","42 659,74",,,Козлов Денис Валерьевич
5160,,,,,,,,,,,,"43 756,81","31 863,46","56 384,40","37 178,74",,,Попов Максим Андреевич
1557,первая часть оплаты,"98 497,87","104 672,32","131 395,04","149 123,31","189 973,90","206 022,75","171 045,34","181 582,10","143 718,47","132 306,28","145 651,62","184 682,11","204 666,44","140 857,64",,,Кузнецова Анна Павловна
9113,первая часть оплаты,,"114 318,80","95 745,33","93 489,56","95 417,29","90 783,08","154 426,11","104 501,21","125 506,69","156 357,20","120 089,82","132 690,12",,"95 764,65","146 168,91","136 991,05",Кузнецова Анна Павловна
9113,вторая часть оплаты,,,,,,,,,,,,,,,,"4 698,65",Кузнецова Анна Павловна
8463,первая часть оплаты,,,"33 481,99","50 467,65","39 820,26","39 134,68","39 067,64","33 885,94","58 741,63","62 381,40","33 578,39","61 141,36","59 379,62","42 429,45","69 184,11","57 660,33",Кузнецова Анна Павловна
8463,вторая часть оплаты,,,"1 639,82","4 977,59","9 655,04","80,60","21 943,11","19 082,33","17 902,50","12 228,75",в ноль,"24 761,77","10 901,23","11 476,23","11 960,87","14 941,86",Кузнецова Анна Павловна
3167,первая часть оплаты,,,"21 582,31","21 062,28","27 674,24","18 038,76","18 919,99","26 369,99","30 385,58","22 364,56","30 385,69","27 333,41","18 818,72","15 399,30",,,Кузнецова Анна Павловна
3167,вторая часть оплаты,"40 953,30","53 861,33","21 473,57","30 239,80","45 572,97","49 443,20","53 265,01","31 884,65","45 512,46","10 741,55","71 045,88","71 450,73","62 675,30","73 759,42",,,Кузнецова Анна Павловна
6933,,"32 281,57","45 396,12","32 396,81","43 377,00","47 196,48","31 629,24","44 917,57","52 443,82","40 638,82","39 043,85","36 615,31","46 632,58","48 483,87","55 886,17",,,Попов Максим Андреевич
8598,,"81 631,48","82 978,72","94 540,64","68 030,65","87 332,84","89 507,83","103 726,50","105 904,38","66 497,79","94 741,00","100 019,01","88 832,10","104 614,27","104 297,56",,,Попов Максим Андреевич
7267,,,,,,"29 710,61","46 109,67","33 936,41","30 964,99","38 986,11","24 652,19","63 730,19","46 406,03","66 262,15","49 270,89",,,Попов Максим Андреевич
1541,первая часть оплаты,,,,,,,,,,,,,,"77 282,94","68 905,72","67 347,28",Попов Максим Андреевич
9508,первая часть оплаты,,,,,,,,,,,,"46 450,19","43 181,24","63 399,58","67 244,96","71 699,59",Попов Максим Андреевич
9508,вторая часть оплаты,,,,,,,,,,,,"1 424,56","3 841,05","4 237,45",,,Попов Максим Андреевич
4518,,,,,,,,,,,"83 834,87","102 431,97","103 615,68","154 207,55","142 495,36","99 407,25","62 362,26",Попов Максим Андреевич
8057,,,,"25 222,95","38 399,69","40 365,34","25 707,95","37 009,33","47 859,35","38 687,21","36 773,37","65 331,34","39 283,45","56 306,69","22 672,39",,,Громова Алина Константиновна
9865,первая часть оплаты,"88 695,18","89 180,02","96 856,35","110 480,07","68 420,20","121 924,92","110 579,36","116 371,53","85 356,72","110 122,08","122 409,00","96 354,95","95 154,64","106 482,04",,,Федорова Дарья Сергеевна
4337,первая часть оплаты,,,"135 906,78","127 468,98","116 583,49","135 790,22","225 901,27","207 645,80","304 473,26","229 903,05","225 760,93","204 091,99","245 453,37","175 912,96",,"196 726,37",Федорова Дарья Сергеевна
4337,вторая часть оплаты,,,"4 936,04","9 893,25","9 734,82","12 900,10","38 756,06","28 003,02","64 772,56","30 148,73","34 397,80","22 010,49","28 205,32","38 948,34",,"7 694,80",Федорова Дарья Сергеевна
6078,,"264 677,40","223 528,58","130 525,47","290 344,77","215 586,51","75 889,64","114 748,23","134 077,63","196 960,80","136 702,45","155 698,76","155 154,17","161 364,76","117 529,00",,"101 628,15",Зайцева Виктория Олеговна
9609,основные работы,,,,,"145 337,58","186 323,65","159 713,95","164 505,95","114 517,66","119 925,91","132 712,17","195 198,93","141 023,36","154 885,90",,,Попов Максим Андреевич
9609,доп работы,,,,,"13 091,49","6 109,73","9 468,73","4 951,95","8 382,67","8 005,91",в ноль,"16 687,66","54 135,12","41 419,24",,,Попов Максим Андреевич
9043,первая часть оплаты,,,,"99 937,29","91 389,16","32 732,85","29 722,63","30 495,46","48 255,64","37 971,58","41 652,11","59 889,49","53 168,98","50 669,80","72 431,53",,Смирнов Артем Олегович
9043,вторая часть оплаты,,,,"10 646,79","15 255,62",в ноль,"17 737,73","3 768,33","499,06","11 705,95","9 351,94","5 485,60","9 140,98","9 554,79","22 938,74",,Смирнов Артем Олегович
3494,основные работы,,,,,,"93 680,71","143 210,06","99 302,09","87 894,09","157 388,95","83 159,82","98 689,87","96 748,22","111 747,47",,,Кузнецова Анна Павловна
3494,доп работы,,,,,,"17 556,63","26 901,74","18 128,55","69 246,03","49 987,64","57 646,51","13 869,09","18 396,99","13 140,83",,,Кузнецова Анна Павловна
2693,первая часть оплаты,,,,,,,,,,,"157 850,19",стоп,,,,,Попов Максим Андреевич
2693,вторая часть оплаты,,,,,,,,,,,в ноль,стоп,,,,,Попов Максим Андреевич
1950,первая часть оплаты,,,,,,,,,"103 991,45","121 838,33","98 409,65","69 893,55","108 931,64","111 304,79",,,Кузнецова Анна Павловна
1950,вторая часть оплаты,,,,,,,,,в ноль,в ноль,в ноль,"116 486,11",в ноль,в ноль,,,Кузнецова Анна Павловна
2957,первая часть оплаты,,,,,,,,,"72 837,11","75 432,15","91 551,08","73 841,96","90 029,53","79 676,37",,"162 967,32",Попов Максим Андреевич
2957,доп работы,,,,,,,,,,,"68 674,49","40 491,86","67 259,13","75 680,26",,,Попов Максим Андреевич
2872,основные работы,,,,,,,,,,,,"218 940,90","277 970,89","365 681,45","69 566,66","118 618,23",Кузнецова Анна Павловна
2872,доп работы,,,,,,,,,,,,в ноль,"40 739,82","10 178,76",в ноль,"3 519,11",Кузнецова Анна Павловна
3219,основные работы,"78 633,38","54 869,38","71 288,99","58 535,43","60 063,29","57 392,12","74 159,66","43 075,90","74 367,65","46 883,18","66 761,59","80 180,52","62 575,08","61 627,36","100 490,28","69 068,51",Громова Алина Константиновна
3219,доп работы,,,,,"10 809,77",в ноль,в ноль,"16 983,36",в ноль,"1 426,90",в ноль,"5 121,84",в ноль,"15 034,90",в ноль,"10 671,35",Громова Алина Константиновна
3219,доп работы,,,,,,,,,,"8 124,81",,,,,,,Громова Алина Константиновна
1395,основные работы,,,"100 210,74","152 861,61","149 875,17","160 181,59","109 612,43","126 170,68","84 070,46","210 014,53","140 689,55","127 525,07","135 770,42","129 867,60","92 558,39","149 774,23",Федорова Дарья Сергеевна
1395,доп работы,,,,,,,,,,,,,,,,"35 024,06",Федорова Дарья Сергеевна
5496,первая часть оплаты,,,"19 190,82","10 278,82","28 400,49","26 362,39","9 386,72","16 087,91","14 880,72","20 400,94","16 702,52","14 641,11","22 968,03","19 006,62","18 143,92","20 365,42",Федорова Дарья Сергеевна
3327,,,,"25 419,64","22 994,50","9 935,67","22 793,28","14 370,77","5 665,21","14 704,86","15 380,10","8 825,67","16 837,22","24 984,20","16 783,66","5 616,61","5 474,71",Федорова Дарья Сергеевна
1937,,,,"17 811,19","27 309,43","9 557,58","5 179,59","5 380,48","5 183,86","28 767,59","11 500,60","15 186,00","23 120,72","23 280,44","19 823,82","14 981,55","12 553,12",Федорова Дарья Сергеевна
9896,первая часть оплаты,,,"54 825,13","56 448,18","58 634,89","60 425,12","53 391,58","51 487,81","35 692,71","36 103,70","63 755,46","47 853,13","42 088,93","42 025,32","39 597,51","48 435,97",Кузнецова Анна Павловна
9896,вторая часть оплаты,,,"12 056,87","16 129,75","38 546,72","32 580,02","40 467,51","31 842,80","21 008,53","8 823,80","36 052,22","26 308,81","27 186,68","40 170,38","54 739,98","32 969,12",Кузнецова Анна Павловна
7006,первая часть оплаты,,,,"26 844,52","19 752,61","24 736,75","31 521,81","29 446,98","23 074,80","27 968,20","37 972,06","26 604,90","37 954,88","37 576,21","36 402,84","36 060,29",Попов Максим Андреевич
7006,вторая часть оплаты,,,,"20 707,13","27 977,77","33 280,50","29 896,40","32 477,49","29 451,29","28 765,57","34 515,78","22 715,88","26 382,54","35 051,33","38 546,78","32 733,92",Попов Максим Андреевич
8081,первая часть оплаты,,,,,,,,,"285 023,40","216 787,78","168 776,08","151 407,42","181 857,80","182 547,06",,,Кузнецова Анна Павловна
8081,вторая часть оплаты,,,,,,,,,в ноль,"4 298,50","4 302,87",в ноль,"2 425,11","3 904,58",,,Кузнецова Анна Павловна
1213,первая часть оплаты,,,,,,,,,"102 105,62","43 980,81","32 514,54","62 157,98","46 818,79","44 189,17",,,Кузнецова Анна Павловна
9720,первая часть оплаты,,,,,,,,,"43 719,70","100 193,52","69 396,63","133 769,89","93 962,62","59 752,43",,,Кузнецова Анна Павловна
9720,вторая часть оплаты,,,,,,,,,в ноль,в ноль,"115 297,84",в ноль,"2 022,51",в ноль,,,Кузнецова Анна Павловна
6618,,,,,,,,,,,,,"127 941,60","155 433,05","160 311,48",,,Попов Максим Андреевич
4934,первая часть оплаты,,,,,,,,,,,,"180 663,55","255 986,01","207 548,08",,,Громова Алина Константиновна
4934,вторая часть оплаты,,,,,,,,,,,,"24 147,79","28 413,35","27 877,48",,,Громова Алина Константиновна
5353,,"128 396,77","184 296,92","234 866,66","140 620,29","159 606,87","120 384,04","111 684,41","149 915,74","175 601,82","150 269,73","190 344,02","181 798,54","138 963,30","114 918,75","114 233,64","164 476,56",Федорова Дарья Сергеевна
2588,,"64 025,64","58 698,86",,"68 520,36","47 609,55","63 924,55","67 349,73","54 583,41","35 184,88","38 009,80","35 484,36","64 578,74","31 252,21","33 806,17",,,Смирнов Артем Олегович
9935,,"67 381,61","37 343,33",,"32 385,13","28 537,27","41 409,88","32 664,27","44 743,45","43 242,76","50 319,67","50 282,43","16 247,74","11 714,46","16 738,63",,,Смирнов Артем Олегович
8219,,,,"92 619,28","84 298,86","85 356,75","48 730,18","50 035,55","67 843,74","107 728,26","105 854,60","109 940,92","64 166,17","84 321,09","97 852,78","80 398,86","48 481,17",Попов Максим Андреевич
6314,основные работы,,,,,,,"287 656,07","281 334,82","261 023,12","264 940,24","210 239,45","276 121,71","293 497,16","289 353,54","252 994,56","178 989,85",Кузнецова Анна Павловна
6314,доп работы,,,,,,,"4 345,98","16,63","171,32","7 911,90",в ноль,в ноль,в ноль,в ноль,в ноль,в ноль,Кузнецова Анна Павловна
3884,первая часть оплаты,,,"93 288,37","48 720,46","47 161,25","39 474,07","45 392,50","38 003,07","41 573,70","52 780,26","48 737,36","45 069,56","46 741,29","35 727,57","31 793,68","37 232,58",Кузнецова Анна Павловна
3884,вторая часть оплаты,,,"0,00","9 470,19","3 561,30","3 281,73","4 983,89","5 550,30","1 317,11","6 126,64","7 570,26","4 579,86","4 913,80","3 109,45",,"0,00",Кузнецова Анна Павловна
5435,основные работы,,,,,"1 071 077,93","657 011,62","1 029 196,29","587 109,13","1 087 971,52","710 969,61","879 584,13","1 101 330,00","924 715,77","1 011 262,02","771 081,70","1 002 666,60",Федорова Дарья Сергеевна
5435,доп работы,,,,,"59 355,73",,,,,,,,,,,,Федорова Дарья Сергеевна
9052,основные работы,,,,,,,,,"187 974,19","121 855,10","107 267,78","147 526,91","145 577,73","182 008,54","161 623,46","129 301,09",Смирнов Артем Олегович
9052,доп работы,"112 792,40","141 874,20","146 946,23","185 971,24","200 076,88","154 537,10","143 556,15","107 989,58","9 025,61","11 407,86","13 366,78","8 376,04","9 800,67","10 598,69","10 060,85","13 033,20",Смирнов Артем Олегович
1324,первая часть оплаты,"20 699,66","32 851,37","44 657,08",,,,,,,,,,,,,,Смирнов Артем Олегович
1324,вторая часть оплаты,"18 905,49","34 161,37","42 076,60","73 007,79","123 179,70","72 625,71","101 417,37","71 518,68","125 077,42","119 564,32","92 582,41","80 260,71","98 251,92","105 279,72",,,Смирнов Артем Олегович
3972,"карты, банки","32 469,26","30 641,92","32 844,41","34 757,17","45 919,90","44 839,12","34 769,46","38 487,46","41 333,39","37 425,44","34 142,16","45 572,09","31 102,61","40 941,58","39 477,89","45 175,35",Федорова Дарья Сергеевна
6635,первая часть оплаты,"65 385,22","79 566,72","52 304,85","82 615,50","81 633,56","99 803,13","82 145,62","89 671,43","77 366,37","81 097,41","114 084,30","108 805,99","111 038,89","90 437,55","51 834,02","57 122,20",Федорова Дарья Сергеевна
6635,вторая часть оплаты,,,,,,,,,"53 349,87","42 637,52","57 230,62","31 150,92","39 683,77","35 908,79","102 390,31","101 002,32",Федорова Дарья Сергеевна
9933,основные работы,,,,,,,,,,"55 403,63",,"47 328,12",,"51 346,81",,"52 871,40",Попов Максим Андреевич
9933,доп работы,,,,,,,,,,,,"25 192,60","95 260,46","75 261,74","81 334,11","50 035,36",Попов Максим Андреевич
9726,,,,,,,,,,,"22 542,35",,"20 588,41",,"22 712,77",,"26 462,52",Попов Максим Андреевич
8521,первая часть оплаты,"97 784,56","65 831,54","61 206,96","89 537,73","53 757,99","90 102,28","73 786,50","142 576,73","73 914,11","93 870,05","100 829,32","87 460,53","101 507,85","78 251,21","146 234,79","141 491,66",Федорова Дарья Сергеевна
8521,вторая часть оплаты,,,,,"2 374,24",,,,,,,,,,,,Федорова Дарья Сергеевна
4030,основные работы,"173 111,50","94 317,40","229 684,81","173 027,87","133 030,87","132 846,28","138 936,81","83 581,64","78 859,01","143 036,70","156 517,56","227 304,70","96 236,17","235 430,74","126 468,08","187 270,27",Громова Алина Константиновна
2396,,,,,,,,"53 006,73","55 713,08","38 026,92","37 717,62","65 197,14","55 882,77","42 870,12","59 248,03",,,Громова Алина Константиновна
4154,первая часть оплаты,"26 697,70","15 088,65","24 946,10","26 881,85","30 104,80",,,,,,"89 466,63","75 045,58","110 770,44","86 048,57",,,Федорова Дарья Сергеевна
4154,вторая часть оплаты,"260 016,25","273 090,62","194 721,50","292 080,52","237 916,57",,,,,,,,,,,,Федорова Дарья Сергеевна
2141,,,,,,,,,,,,"400 701,19","332 014,20","496 653,30","401 270,36",,,Федорова Дарья Сергеевна
6962,первая часть оплаты,,,,"73 195,55","70 275,64","57 250,21","69 894,54","66 893,93","58 685,42","60 842,68","91 597,09","91 061,38","77 843,80","99 522,33",,,Громова Алина Константиновна
6962,вторая часть оплаты,,,,в ноль,в ноль,"1 995,69","8 385,55","8 499,25","23 583,24","42 531,26","28 515,39","57 871,70","32 783,10","39 121,21",,,Громова Алина Константиновна
2989,первая часть оплаты,,,,"52 302,50","69 340,23","131 447,18","77 595,75","80 466,00","29 089,03","29 505,61","21 290,40","32 655,29","26 625,59","25 962,41",,,Громова Алина Константиновна
2989,вторая часть оплаты,,,,"1 476,16","7 952,68","223,02","7 727,32","4 126,98","29 732,48","28 493,67","16 986,73","36 540,00","26 678,44","30 932,73",,,Громова Алина Константиновна
5882,первая часть оплаты,,,,,"27 515,59","24 024,20","30 025,57","44 064,13","32 571,90","55 965,97","33 737,01","37 553,88","31 162,64","51 150,18",,,Смирнов Артем Олегович
5882,вторая часть оплаты,,,,,,,"6 654,21",,,,,,,,,,Смирнов Артем Олегович
7507,,,,,,,,"66 107,00","79 565,54","57 554,42","58 919,52","95 752,74","117 105,41","68 018,51",,,,Козлов Денис Валерьевич
4936,первая часть оплаты,,,,,,,,,,,,"160 868,12","146 044,89","122 404,10","140 822,83","159 812,71",Попов Максим Андреевич
4936,вторая часть оплаты,,,,,,,,,,,,в ноль,в ноль,"2 617,96","0,00","0,00",Попов Максим Андреевич
1287,,,,,,,,,,,,"8 036,80","8 439,74","17 337,80","16 876,09",,,Попов Максим Андреевич
5210,,,,,,,,,,,,,,"36 598,14","0,00",,,Соколов Никита Игоревич
5797,основные работы,"64 314,03","99 292,13","76 524,28","109 115,08","78 913,18","86 361,22","66 985,91","170 357,09","153 529,07","115 053,93","173 756,18","147 382,20","87 586,72","67 683,06","145 463,62","115 243,50",Громова Алина Константиновна
5797,доп работы,"28 323,85","12 907,20","22 645,22","17 536,15","20 190,67","17 669,95","12 925,84","3 896,50",,,,,,,,,Громова Алина Константиновна
2023,,,,,"5 668,54","12 769,03","3 211,79","8 459,81","12 059,12","3 862,93","9 007,78","0,00","0,00",в ноль,в ноль,,,Громова Алина Константиновна
6419,,,,,,,,,,"70 023,13","75 721,04","41 561,36","56 708,98","48 559,28","59 189,89",,,Попов Максим Андреевич
6795,первая часть оплаты,,,,,,,,,,,"47 266,25","27 957,97","26 660,68","36 168,93","16 843,11","25 236,26",Смирнов Артем Олегович
