id,month,AM
2726,ноябрь 2022,Федорова Дарья Сергеевна
2736,ноябрь 2022,Федорова Дарья Сергеевна
1148,ноябрь 2022,Зайцева Виктория Олеговна
4695,ноябрь 2022,Громова Алина Константиновна
8966,ноябрь 2022,Громова Алина Константиновна
1494,ноябрь 2022,Федорова Дарья Сергеевна
4832,ноябрь 2022,Федорова Дарья Сергеевна
9216,ноябрь 2022,Федорова Дарья Сергеевна
7630,ноябрь 2022,Федорова Дарья Сергеевна
1014,ноябрь 2022,Николаев Павел Дмитриевич
7589,ноябрь 2022,Громова Алина Константиновна
7366,ноябрь 2022,Зайцева Виктория Олеговна
8281,ноябрь 2022,Кузнецова Анна Павловна
7890,ноябрь 2022,Федорова Дарья Сергеевна
1045,ноябрь 2022,Громова Алина Константиновна
2833,ноябрь 2022,Федорова Дарья Сергеевна
9935,ноябрь 2022,Громова Алина Константиновна
8496,ноябрь 2022,Федорова Дарья Сергеевна
4030,ноябрь 2022,Зайцева Виктория Олеговна
4683,ноябрь 2022,Федорова Дарья Сергеевна
7723,ноябрь 2022,Федорова Дарья Сергеевна
6463,ноябрь 2022,Федорова Дарья Сергеевна
6053,ноябрь 2022,Кузнецова Анна Павловна
4960,ноябрь 2022,Зайцева Виктория Олеговна
3216,декабрь 2022,Николаев Павел Дмитриевич
9166,декабрь 2022,Николаев Павел Дмитриевич
3348,декабрь 2022,Николаев Павел Дмитриевич
8111,декабрь 2022,Федорова Дарья Сергеевна
4596,декабрь 2022,Федорова Дарья Сергеевна
3806,декабрь 2022,Федорова Дарья Сергеевна
4434,декабрь 2022,Федорова Дарья Сергеевна
7629,декабрь 2022,Федорова Дарья Сергеевна
7980,декабрь 2022,Федорова Дарья Сергеевна
3677,декабрь 2022,Громова Алина Константиновна
8715,декабрь 2022,Попов Максим Андреевич
5266,декабрь 2022,Зайцева Виктория Олеговна
7796,декабрь 2022,Федорова Дарья Сергеевна
4354,декабрь 2022,Федорова Дарья Сергеевна
1557,декабрь 2022,Николаев Павел Дмитриевич
7331,декабрь 2022,Николаев Павел Дмитриевич
9035,декабрь 2022,Громова Алина Константиновна
9095,декабрь 2022,Федорова Дарья Сергеевна
7484,декабрь 2022,Федорова Дарья Сергеевна
6294,декабрь 2022,Федорова Дарья Сергеевна
9192,декабрь 2022,Федорова Дарья Сергеевна
3167,декабрь 2022,Кузнецова Анна Павловна
7679,декабрь 2022,Кузнецова Анна Павловна
6933,декабрь 2022,Федорова Дарья Сергеевна
8598,декабрь 2022,Федорова Дарья Сергеевна
8058,декабрь 2022,Зайцева Виктория Олеговна
8220,декабрь 2022,Зайцева Виктория Олеговна
3826,декабрь 2022,Николаев Павел Дмитриевич
8569,декабрь 2022,Кузнецова Анна Павловна
6078,декабрь 2022,Николаев Павел Дмитриевич
1735,декабрь 2022,Попов Максим Андреевич
3219,декабрь 2022,Кузнецова Анна Павловна
3030,декабрь 2022,Зайцева Виктория Олеговна
7148,декабрь 2022,Зайцева Виктория Олеговна
8408,декабрь 2022,Зайцева Виктория Олеговна
1859,декабрь 2022,Зайцева Виктория Олеговна
7886,декабрь 2022,Зайцева Виктория Олеговна
8810,декабрь 2022,Кузнецова Анна Павловна
9489,декабрь 2022,Громова Алина Константиновна
3439,декабрь 2022,Громова Алина Константиновна
7387,декабрь 2022,Николаев Павел Дмитриевич
8814,декабрь 2022,Николаев Павел Дмитриевич
6129,декабрь 2022,Николаев Павел Дмитриевич
7391,декабрь 2022,Николаев Павел Дмитриевич
3594,декабрь 2022,Николаев Павел Дмитриевич
5075,декабрь 2022,Николаев Павел Дмитриевич
9518,декабрь 2022,Николаев Павел Дмитриевич
4393,декабрь 2022,Николаев Павел Дмитриевич
2588,декабрь 2022,Громова Алина Константиновна
9961,декабрь 2022,Громова Алина Константиновна
2903,декабрь 2022,Попов Максим Андреевич
1324,декабрь 2022,Смирнов Артем Олегович
7472,декабрь 2022,Федорова Дарья Сергеевна
3972,декабрь 2022,Федорова Дарья Сергеевна
5183,декабрь 2022,Громова Алина Константиновна
8521,декабрь 2022,Федорова Дарья Сергеевна
2589,декабрь 2022,Федорова Дарья Сергеевна
5603,декабрь 2022,Кузнецова Анна Павловна
3315,декабрь 2022,Громова Алина Константиновна
7080,декабрь 2022,Федорова Дарья Сергеевна
8148,декабрь 2022,Федорова Дарья Сергеевна
2698,декабрь 2022,Николаев Павел Дмитриевич
7854,декабрь 2022,Громова Алина Константиновна
5797,декабрь 2022,Зайцева Виктория Олеговна
1100,декабрь 2022,Зайцева Виктория Олеговна
9034,декабрь 2022,Федорова Дарья Сергеевна
8189,декабрь 2022,Федорова Дарья Сергеевна
9917,январь 2023,Федорова Дарья Сергеевна
7796,январь 2023,Федорова Дарья Сергеевна
1148,январь 2023,Зайцева Виктория Олеговна
6622,январь 2023,Попов Максим Андреевич
9020,январь 2023,Кузнецова Анна Павловна
6977,январь 2023,Кузнецова Анна Павловна
1290,январь 2023,Кузнецова Анна Павловна
6004,январь 2023,Федорова Дарья Сергеевна
5874,январь 2023,Кузнецова Анна Павловна
2511,январь 2023,Громова Алина Константиновна
1684,январь 2023,Громова Алина Константиновна
1045,январь 2023,Громова Алина Константиновна
8199,январь 2023,Громова Алина Константиновна
8385,январь 2023,Громова Алина Константиновна
1324,январь 2023,Смирнов Артем Олегович
4030,январь 2023,Зайцева Виктория Олеговна
6012,январь 2023,Громова Алина Константиновна
8148,январь 2023,Федорова Дарья Сергеевна
9034,январь 2023,Федорова Дарья Сергеевна
1441,январь 2023,Смирнов Артем Олегович
9811,февраль 2023,Федорова Дарья Сергеевна
4489,февраль 2023,Кузнецова Анна Павловна
2736,февраль 2023,Федорова Дарья Сергеевна
8966,февраль 2023,Громова Алина Константиновна
6281,февраль 2023,Николаев Павел Дмитриевич
5829,февраль 2023,Николаев Павел Дмитриевич
1494,февраль 2023,Федорова Дарья Сергеевна
3328,февраль 2023,Кузнецова Анна Павловна
4613,февраль 2023,Кузнецова Анна Павловна
8696,февраль 2023,Громова Алина Константиновна
3498,февраль 2023,Федорова Дарья Сергеевна
9043,февраль 2023,Федорова Дарья Сергеевна
3219,февраль 2023,Кузнецова Анна Павловна
8538,февраль 2023,Николаев Павел Дмитриевич
6855,февраль 2023,Федорова Дарья Сергеевна
6057,февраль 2023,Кузнецова Анна Павловна
2833,февраль 2023,Федорова Дарья Сергеевна
5353,февраль 2023,Федорова Дарья Сергеевна
5603,февраль 2023,Кузнецова Анна Павловна
6053,февраль 2023,Кузнецова Анна Павловна
9226,февраль 2023,Громова Алина Константиновна
7735,февраль 2023,Громова Алина Константиновна
3216,февраль 2023,Николаев Павел Дмитриевич
1684,февраль 2023,Громова Алина Константиновна
1045,февраль 2023,Громова Алина Константиновна
1324,февраль 2023,Федорова Дарья Сергеевна
2023,февраль 2023,Зайцева Виктория Олеговна
1441,февраль 2023,Смирнов Артем Олегович
5300,март 2023,Федорова Дарья Сергеевна
9414,март 2023,Федорова Дарья Сергеевна
8715,март 2023,Попов Максим Андреевич
6670,март 2023,Федорова Дарья Сергеевна
7827,март 2023,Кузнецова Анна Павловна
7819,март 2023,Федорова Дарья Сергеевна
8057,март 2023,Зайцева Виктория Олеговна
6977,март 2023,Кузнецова Анна Павловна
6078,март 2023,Николаев Павел Дмитриевич
9043,март 2023,Федорова Дарья Сергеевна
6855,март 2023,Федорова Дарья Сергеевна
6344,март 2023,Кузнецова Анна Павловна
4080,март 2023,Кузнецова Анна Павловна
4597,март 2023,Громова Алина Константиновна
1712,март 2023,Николаев Павел Дмитриевич
2766,март 2023,Николаев Павел Дмитриевич
5477,март 2023,Смирнов Артем Олегович
8896,март 2023,Попов Максим Андреевич
2604,март 2023,Кузнецова Анна Павловна
6527,март 2023,Федорова Дарья Сергеевна
6729,март 2023,Федорова Дарья Сергеевна
4154,март 2023,Федорова Дарья Сергеевна
4154,март 2023,Федорова Дарья Сергеевна
7854,март 2023,Громова Алина Константиновна
9034,март 2023,Федорова Дарья Сергеевна
9034,март 2023,Федорова Дарья Сергеевна
2551,март 2023,Зайцева Виктория Олеговна
3216,март 2023,Николаев Павел Дмитриевич
4135,март 2023,Федорова Дарья Сергеевна
4782,март 2023,Громова Алина Константиновна
8072,март 2023,Громова Алина Константиновна
2340,март 2023,Кузнецова Анна Павловна
3028,март 2023,Кузнецова Анна Павловна
7796,апрель 2023,Федорова Дарья Сергеевна
3487,апрель 2023,Федорова Дарья Сергеевна
5591,апрель 2023,Федорова Дарья Сергеевна
9741,апрель 2023,Федорова Дарья Сергеевна
4702,апрель 2023,Кузнецова Анна Павловна
3219,апрель 2023,Кузнецова Анна Павловна
1500,апрель 2023,Федорова Дарья Сергеевна
7006,апрель 2023,Кузнецова Анна Павловна
9325,апрель 2023,Зайцева Виктория Олеговна
6187,апрель 2023,Зайцева Виктория Олеговна
7879,апрель 2023,Громова Алина Константиновна
3216,апрель 2023,Николаев Павел Дмитриевич
4489,апрель 2023,Кузнецова Анна Павловна
4903,апрель 2023,Громова Алина Константиновна
1494,апрель 2023,Федорова Дарья Сергеевна
1494,апрель 2023,Федорова Дарья Сергеевна
6977,апрель 2023,Кузнецова Анна Павловна
1331,апрель 2023,Кузнецова Анна Павловна
8072,апрель 2023,Громова Алина Константиновна
6855,апрель 2023,Федорова Дарья Сергеевна
2833,апрель 2023,Федорова Дарья Сергеевна
5168,апрель 2023,Громова Алина Константиновна
8629,апрель 2023,Кузнецова Анна Павловна
6527,апрель 2023,Федорова Дарья Сергеевна
6729,апрель 2023,Федорова Дарья Сергеевна
4030,апрель 2023,Зайцева Виктория Олеговна
5882,апрель 2023,Кузнецова Анна Павловна
6679,апрель 2023,Федорова Дарья Сергеевна
3591,май 2023,Федорова Дарья Сергеевна
6004,май 2023,Федорова Дарья Сергеевна
8696,май 2023,Попов Максим Андреевич
2011,май 2023,Попов Максим Андреевич
5705,май 2023,Попов Максим Андреевич
9585,май 2023,Федорова Дарья Сергеевна
5574,май 2023,Кузнецова Анна Павловна
4400,май 2023,Федорова Дарья Сергеевна
4850,май 2023,Николаев Павел Дмитриевич
3547,май 2023,Кузнецова Анна Павловна
3202,май 2023,Федорова Дарья Сергеевна
9574,май 2023,Николаев Павел Дмитриевич
4703,май 2023,Николаев Павел Дмитриевич
9669,май 2023,Николаев Павел Дмитриевич
5242,май 2023,Николаев Павел Дмитриевич
3001,май 2023,Николаев Павел Дмитриевич
1273,май 2023,Николаев Павел Дмитриевич
6053,май 2023,Кузнецова Анна Павловна
5797,май 2023,Громова Алина Константиновна
1652,май 2023,Громова Алина Константиновна
1100,май 2023,Громова Алина Константиновна
5247,май 2023,Зайцева Виктория Олеговна
3216,июнь 2023,Николаев Павел Дмитриевич
5593,июнь 2023,Николаев Павел Дмитриевич
4354,июнь 2023,Федорова Дарья Сергеевна
1353,июнь 2023,Федорова Дарья Сергеевна
9435,июнь 2023,Федорова Дарья Сергеевна
9261,июнь 2023,Николаев Павел Дмитриевич
8057,июнь 2023,Громова Алина Константиновна
8220,июнь 2023,Федорова Дарья Сергеевна
3516,июнь 2023,Федорова Дарья Сергеевна
5376,июнь 2023,Кузнецова Анна Павловна
4695,июнь 2023,Николаев Павел Дмитриевич
1494,июнь 2023,Федорова Дарья Сергеевна
9741,июнь 2023,Федорова Дарья Сергеевна
6078,июнь 2023,Николаев Павел Дмитриевич
9043,июнь 2023,Федорова Дарья Сергеевна
4782,июнь 2023,Громова Алина Константиновна
8072,июнь 2023,Громова Алина Константиновна
4967,июнь 2023,Кузнецова Анна Павловна
5406,июнь 2023,Попов Максим Андреевич
2833,июнь 2023,Федорова Дарья Сергеевна
8896,июнь 2023,Попов Максим Андреевич
9052,июнь 2023,Федорова Дарья Сергеевна
3883,июнь 2023,Громова Алина Константиновна
1343,июнь 2023,Зайцева Виктория Олеговна
7114,июнь 2023,Кузнецова Анна Павловна
5991,июнь 2023,Николаев Павел Дмитриевич
9226,июнь 2023,Громова Алина Константиновна
7854,июнь 2023,Громова Алина Константиновна
5663,июнь 2023,Громова Алина Константиновна
7879,июнь 2023,Громова Алина Константиновна
7227,июнь 2023,Кузнецова Анна Павловна
4135,июль 2023,Федорова Дарья Сергеевна
5591,июль 2023,Николаев Павел Дмитриевич
6393,июль 2023,Николаев Павел Дмитриевич
7245,июль 2023,Громова Алина Константиновна
1041,июль 2023,Николаев Павел Дмитриевич
1735,июль 2023,Попов Максим Андреевич
1014,июль 2023,Кузнецова Анна Павловна
3219,июль 2023,Николаев Павел Дмитриевич
7006,июль 2023,Кузнецова Анна Павловна
4307,июль 2023,Николаев Павел Дмитриевич
6193,июль 2023,Кузнецова Анна Павловна
6427,июль 2023,Федорова Дарья Сергеевна
7507,июль 2023,Попов Максим Андреевич
4705,июль 2023,Кузнецова Анна Павловна
7532,июль 2023,Федорова Дарья Сергеевна
2917,июль 2023,Попов Максим Андреевич
8854,июль 2023,Громова Алина Константиновна
4270,июль 2023,Громова Алина Константиновна
2833,июль 2023,Федорова Дарья Сергеевна
1600,июль 2023,Федорова Дарья Сергеевна
2174,июль 2023,Соколов Никита Игоревич
4149,июль 2023,Попов Максим Андреевич
7854,июль 2023,Громова Алина Константиновна
2551,август 2023,Громова Алина Константиновна
4354,август 2023,Федорова Дарья Сергеевна
5502,август 2023,Федорова Дарья Сергеевна
6004,август 2023,Федорова Дарья Сергеевна
9865,август 2023,Федорова Дарья Сергеевна
7245,август 2023,Попов Максим Андреевич
4967,август 2023,Кузнецова Анна Павловна
6057,август 2023,Кузнецова Анна Павловна
7728,август 2023,Попов Максим Андреевич
2209,август 2023,Громова Алина Константиновна
8421,август 2023,Громова Алина Константиновна
6314,август 2023,Кузнецова Анна Павловна
8259,август 2023,Попов Максим Андреевич
4161,август 2023,Громова Алина Константиновна
8694,август 2023,Федорова Дарья Сергеевна
4251,август 2023,Попов Максим Андреевич
7854,август 2023,Громова Алина Константиновна
9325,август 2023,Зайцева Виктория Олеговна
9696,август 2023,Федорова Дарья Сергеевна
9235,август 2023,Федорова Дарья Сергеевна
9108,август 2023,Николаев Павел Дмитриевич
1315,август 2023,Громова Алина Константиновна
2833,август 2023,Федорова Дарья Сергеевна
2604,август 2023,Николаев Павел Дмитриевич
3547,август 2023,Кузнецова Анна Павловна
9676,август 2023,Николаев Павел Дмитриевич
4489,сентябрь 2023,Кузнецова Анна Павловна
8715,сентябрь 2023,Попов Максим Андреевич
7796,сентябрь 2023,Федорова Дарья Сергеевна
8077,сентябрь 2023,Громова Алина Константиновна
7827,сентябрь 2023,Кузнецова Анна Павловна
3516,сентябрь 2023,Федорова Дарья Сергеевна
5547,сентябрь 2023,Попов Максим Андреевич
1072,сентябрь 2023,Кузнецова Анна Павловна
4607,сентябрь 2023,Попов Максим Андреевич
5184,сентябрь 2023,Федорова Дарья Сергеевна
5461,сентябрь 2023,Федорова Дарья Сергеевна
1306,сентябрь 2023,Федорова Дарья Сергеевна
6078,сентябрь 2023,Зайцева Виктория Олеговна
1394,сентябрь 2023,Кузнецова Анна Павловна
9043,сентябрь 2023,Смирнов Артем Олегович
3494,сентябрь 2023,Кузнецова Анна Павловна
4281,сентябрь 2023,Кузнецова Анна Павловна
6355,сентябрь 2023,Попов Максим Андреевич
4782,сентябрь 2023,Громова Алина Константиновна
8072,сентябрь 2023,Громова Алина Константиновна
1106,сентябрь 2023,Громова Алина Константиновна
8055,сентябрь 2023,Громова Алина Константиновна
8629,сентябрь 2023,Попов Максим Андреевич
8629,сентябрь 2023,Кузнецова Анна Павловна
6066,сентябрь 2023,Попов Максим Андреевич
4030,сентябрь 2023,Зайцева Виктория Олеговна
6256,сентябрь 2023,Кузнецова Анна Павловна
1616,сентябрь 2023,Кузнецова Анна Павловна
4135,сентябрь 2023,Федорова Дарья Сергеевна
8057,сентябрь 2023,Громова Алина Константиновна
3591,сентябрь 2023,Попов Максим Андреевич
4150,сентябрь 2023,Попов Максим Андреевич
2855,сентябрь 2023,Попов Максим Андреевич
9384,сентябрь 2023,Громова Алина Константиновна
3219,сентябрь 2023,Громова Алина Константиновна
9108,сентябрь 2023,Громова Алина Константиновна
7728,сентябрь 2023,Попов Максим Андреевич
8421,сентябрь 2023,Громова Алина Константиновна
4279,сентябрь 2023,Кузнецова Анна Павловна
4144,сентябрь 2023,Николаев Павел Дмитриевич
6187,сентябрь 2023,Зайцева Виктория Олеговна
3170,сентябрь 2023,Зайцева Виктория Олеговна
4747,октябрь 2023,Попов Максим Андреевич
2010,октябрь 2023,Попов Максим Андреевич
6059,октябрь 2023,Федорова Дарья Сергеевна
4337,октябрь 2023,Федорова Дарья Сергеевна
1735,октябрь 2023,Попов Максим Андреевич
7455,октябрь 2023,Смирнов Артем Олегович
7006,октябрь 2023,Попов Максим Андреевич
3466,октябрь 2023,Федорова Дарья Сергеевна
8212,октябрь 2023,Громова Алина Константиновна
8896,октябрь 2023,Попов Максим Андреевич
3597,октябрь 2023,Попов Максим Андреевич
9933,октябрь 2023,Попов Максим Андреевич
9726,октябрь 2023,Попов Максим Андреевич
8435,октябрь 2023,Громова Алина Константиновна
2967,октябрь 2023,Федорова Дарья Сергеевна
4552,октябрь 2023,Федорова Дарья Сергеевна
1171,октябрь 2023,Федорова Дарья Сергеевна
5515,октябрь 2023,Смирнов Артем Олегович
8832,октябрь 2023,Федорова Дарья Сергеевна
9963,октябрь 2023,Попов Максим Андреевич
9235,октябрь 2023,Федорова Дарья Сергеевна
9108,октябрь 2023,Громова Алина Константиновна
8385,октябрь 2023,Смирнов Артем Олегович
9389,октябрь 2023,Попов Максим Андреевич
4260,ноябрь 2023,Зайцева Виктория Олеговна
7015,ноябрь 2023,Смирнов Артем Олегович
3487,ноябрь 2023,Попов Максим Андреевич
6004,ноябрь 2023,Смирнов Артем Олегович
3664,ноябрь 2023,Попов Максим Андреевич
8696,ноябрь 2023,Попов Максим Андреевич
2855,ноябрь 2023,Попов Максим Андреевич
1331,ноябрь 2023,Попов Максим Андреевич
1512,ноябрь 2023,Попов Максим Андреевич
7029,ноябрь 2023,Кузнецова Анна Павловна
9731,ноябрь 2023,Кузнецова Анна Павловна
4782,ноябрь 2023,Громова Алина Константиновна
8072,ноябрь 2023,Громова Алина Константиновна
8055,ноябрь 2023,Громова Алина Константиновна
7500,ноябрь 2023,Кузнецова Анна Павловна
9389,ноябрь 2023,Попов Максим Андреевич
8496,ноябрь 2023,Федорова Дарья Сергеевна
6527,ноябрь 2023,Федорова Дарья Сергеевна
6729,ноябрь 2023,Федорова Дарья Сергеевна
6425,ноябрь 2023,Федорова Дарья Сергеевна
5479,ноябрь 2023,Громова Алина Константиновна
8695,ноябрь 2023,Громова Алина Константиновна
4310,ноябрь 2023,Громова Алина Константиновна
1742,ноябрь 2023,Кузнецова Анна Павловна
4157,ноябрь 2023,Попов Максим Андреевич
7735,ноябрь 2023,Громова Алина Константиновна
6612,ноябрь 2023,Федорова Дарья Сергеевна
1341,ноябрь 2023,Попов Максим Андреевич
9933,ноябрь 2023,Попов Максим Андреевич
5515,ноябрь 2023,Смирнов Артем Олегович
1735,ноябрь 2023,Попов Максим Андреевич
9108,ноябрь 2023,Громова Алина Константиновна
7952,ноябрь 2023,Громова Алина Константиновна
4550,ноябрь 2023,Волкова Елена Дмитриевна
9961,ноябрь 2023,Смирнов Артем Олегович
8385,ноябрь 2023,Смирнов Артем Олегович
8694,ноябрь 2023,Федорова Дарья Сергеевна
2967,ноябрь 2023,Федорова Дарья Сергеевна
2917,ноябрь 2023,Попов Максим Андреевич
1784,ноябрь 2023,Смирнов Артем Олегович
3677,декабрь 2023,Смирнов Артем Олегович
5593,декабрь 2023,Смирнов Артем Олегович
5266,декабрь 2023,Федорова Дарья Сергеевна
1171,декабрь 2023,Федорова Дарья Сергеевна
7796,декабрь 2023,Федорова Дарья Сергеевна
5502,декабрь 2023,Федорова Дарья Сергеевна
8070,декабрь 2023,Козлов Денис Валерьевич
5160,декабрь 2023,Попов Максим Андреевич
1557,декабрь 2023,Кузнецова Анна Павловна
9113,декабрь 2023,Кузнецова Анна Павловна
8463,декабрь 2023,Кузнецова Анна Павловна
3167,декабрь 2023,Кузнецова Анна Павловна
6933,декабрь 2023,Попов Максим Андреевич
8598,декабрь 2023,Попов Максим Андреевич
7267,декабрь 2023,Попов Максим Андреевич
1541,декабрь 2023,Попов Максим Андреевич
9508,декабрь 2023,Попов Максим Андреевич
4518,декабрь 2023,Попов Максим Андреевич
8057,декабрь 2023,Громова Алина Константиновна
9865,декабрь 2023,Федорова Дарья Сергеевна
4337,декабрь 2023,Федорова Дарья Сергеевна
6078,декабрь 2023,Зайцева Виктория Олеговна
9609,декабрь 2023,Попов Максим Андреевич
9043,декабрь 2023,Смирнов Артем Олегович
3494,декабрь 2023,Кузнецова Анна Павловна
2693,декабрь 2023,Попов Максим Андреевич
1950,декабрь 2023,Кузнецова Анна Павловна
2957,декабрь 2023,Попов Максим Андреевич
2872,декабрь 2023,Кузнецова Анна Павловна
3219,декабрь 2023,Громова Алина Константиновна
1395,декабрь 2023,Федорова Дарья Сергеевна
5496,декабрь 2023,Федорова Дарья Сергеевна
3327,декабрь 2023,Федорова Дарья Сергеевна
1937,декабрь 2023,Федорова Дарья Сергеевна
9896,декабрь 2023,Кузнецова Анна Павловна
7006,декабрь 2023,Попов Максим Андреевич
8081,декабрь 2023,Кузнецова Анна Павловна
1213,декабрь 2023,Кузнецова Анна Павловна
9720,декабрь 2023,Кузнецова Анна Павловна
6618,декабрь 2023,Попов Максим Андреевич
4934,декабрь 2023,Громова Алина Константиновна
5353,декабрь 2023,Федорова Дарья Сергеевна
2588,декабрь 2023,Смирнов Артем Олегович
9935,декабрь 2023,Смирнов Артем Олегович
8219,декабрь 2023,Попов Максим Андреевич
6314,декабрь 2023,Кузнецова Анна Павловна
3884,декабрь 2023,Кузнецова Анна Павловна
5435,декабрь 2023,Федорова Дарья Сергеевна
9052,декабрь 2023,Смирнов Артем Олегович
1324,декабрь 2023,Смирнов Артем Олегович
3972,декабрь 2023,Федорова Дарья Сергеевна
6635,декабрь 2023,Федорова Дарья Сергеевна
9933,декабрь 2023,Попов Максим Андреевич
9726,декабрь 2023,Попов Максим Андреевич
8521,декабрь 2023,Федорова Дарья Сергеевна
4030,декабрь 2023,Громова Алина Константиновна
2396,декабрь 2023,Громова Алина Константиновна
4154,декабрь 2023,Федорова Дарья Сергеевна
2141,декабрь 2023,Федорова Дарья Сергеевна
6962,декабрь 2023,Громова Алина Константиновна
2989,декабрь 2023,Громова Алина Константиновна
5882,декабрь 2023,Смирнов Артем Олегович
7507,декабрь 2023,Козлов Денис Валерьевич
4936,декабрь 2023,Попов Максим Андреевич
1287,декабрь 2023,Попов Максим Андреевич
5210,декабрь 2023,Соколов Никита Игоревич
5797,декабрь 2023,Громова Алина Константиновна
2023,декабрь 2023,Громова Алина Константиновна
6419,декабрь 2023,Попов Максим Андреевич
